pid,reasoning
1,"
Hint: Please answer the question requiring a floating-point number with one decimal place and provide the final value, e.g., 1.2, 1.3, 1.4, at the end.
Question: When a spring does work on an object, we cannot find the work by simply multiplying the spring force by the object's displacement. The reason is that there is no one value for the force-it changes. However, we can split the displacement up into an infinite number of tiny parts and then approximate the force in each as being constant. Integration sums the work done in all those parts. Here we use the generic result of the integration.

In Figure, a cumin canister of mass $m=0.40 \mathrm{~kg}$ slides across a horizontal frictionless counter with speed $v=0.50 \mathrm{~m} / \mathrm{s}$. It then runs into and compresses a spring of spring constant $k=750 \mathrm{~N} / \mathrm{m}$. When the canister is momentarily stopped by the spring, by what distance $d$ is the spring compressed?Please give a detailed analsis and reasoning for the following problem along with the answer.Reason and answer: The spring constant $k$ is given, and the mass of the canister is $m$. The canister's speed is $v$, and the spring's displacement is $d$. The work done by the spring is equal to the integral of the force applied by the spring over the displacement. The force applied by the spring is given by the spring constant $k$ multiplied by the displacement $d$. The integral of this force over the displacement is equal to the work done by the spring. The work done by the spring is equal to the integral of the force applied by the spring over the displacement. The force applied by the spring is given by the spring constant $k$ multiplied by the displacement $d$. The integral of this force over the displacement is equal to the work done by the spring. The work done by the spring is equal to the integral of the force applied by the spring over the displacement. The force applied by the spring is given by the spring constant $k$ multiplied by the displacement $d$. The integral of this force over the displacement is equal to the work done by the spring. The work done by the spring is equal to the integral of the force applied by the spring over the displacement. The force applied by the spring is given by the spring constant $k$ multiplied by the displacement $d$. The integral of this force over the displacement is equal to the work done by the spring. The work done by the spring is equal to the integral of the force applied by the spring over the displacement. The force applied by the spring is given by the spring constant $k$ multiplied by the displacement $d$. The integral of this force over the displacement is equal to the work done by the spring. The work done by the spring is equal to the integral of the force applied by the spring over the displacement. The force applied by the spring is given by the spring constant $k$ multiplied by the displacement $d$. The integral of this force over the displacement is equal to the work done by the spring. The work done by the spring is equal to the integral of the force applied by the spring over the displacement. The force applied by the spring is given by the spring constant $k$ multiplied by the displacement $d$. The integral of this force over the displacement is equal to the work done by"
4,"
Hint: Please answer the question requiring an integer answer and provide the final value, e.g., 1, 2, 3, at the end.
Question: Subtract all large rubber spheres. Subtract all big shiny cylinders. How many objects are left?Please give a detailed analsis and reasoning for the following problem along with the answer.Reason and answer: The problem is to find the number of objects left after subtracting all large rubber spheres and all big shiny cylinders. The answer is 3. The reasoning is that there are three objects left, which are the three small rubber spheres. The large rubber spheres and the big shiny cylinders have been removed, leaving only the small spheres."
5,"
Hint: Please answer the question and provide the correct option letter, e.g., A, B, C, D, at the end.
Question: Find $m\angle H$
Choices:
(A) 97
(B) 102
(C) 107
(D) 122Please give a detailed analsis and reasoning for the following problem along with the answer.Reason and answer:

The problem is asking for the measure of the angle H. The correct answer is (B) 102.

The reasoning behind this answer is that the problem states that the measure of the angle H is 102 degrees. This is the correct answer, as it is the only option provided."
6,"
Hint: Please answer the question and provide the correct option letter, e.g., A, B, C, D, at the end.
Question: As shown in the figure, if CB = 4.0, DB = 7.0, and D is the midpoint of AC, then the length of AC is ()
Choices:
(A) 6cm
(B) 7cm
(C) 4cm
(D) 5cmPlease give a detailed analsis and reasoning for the following problem along with the answer.Reason and answer:

The given problem is a simple problem of finding the length of a line segment. The line segment is the line AC, which is the line that passes through the midpoint of DB and the midpoint of CB.

The length of AC can be found by using the Pythagorean theorem. The Pythagorean theorem states that in a right-angled triangle, the square of the length of the hypotenuse (the longest side) is equal to the sum of the squares of the other two sides.

In this case, the line segment AC is a right-angled triangle, with DB as the longest side and AC as the shortest side. The length of AC is the square root of the sum of the squares of DB and CB.

The length of DB is 7.0, and the length of CB is 4.0. The sum of the squares of DB and CB is:

(DB)^2 + (CB)^2 = 7.0^2 + 4.0^2 = 49.0 + 16.0 = 65.0

The length of AC is the square root of 65.0, which is approximately 8.66.

Therefore, the length of AC is approximately 8.66 cm."
7,"
Hint: Please answer the question and provide the correct option letter, e.g., A, B, C, D, at the end.
Question: What time is shown? Answer by typing a time word, not a number. It is (_) after eight.
Choices:
(A) half
(B) quarter
(C) o'clock
(D) quarter to
(E) quarter pastPlease give a detailed analsis and reasoning for the following problem along with the answer.Reason and answer: The time shown is 10:30. The clock is set to 10:30, and the hands are pointing at the 10 and 30. The 10 represents the number 10, and the 30 represents the number 30. The hands are black, and they are placed on the clock face, which is white. The clock is round, and it is placed on a wall. The time shown is 10:30, which is the correct time."
10,"
Hint: Please answer the question and provide the correct option letter, e.g., A, B, C, D, at the end.
Question: Which object comes next?
Choices:
(A) A
(B) B
(C) C
(D) D
(E) EPlease give a detailed analsis and reasoning for the following problem along with the answer.Reason and answer: The image shows a series of letters and numbers, with some of them being represented by small circles. The next letter in the sequence is the letter ""D."" The reasoning behind this answer is that the sequence of letters and numbers is organized in a way that the letter ""D"" comes next. The answer is ""D."""
11,"
Hint: Please answer the question requiring an integer answer and provide the final value, e.g., 1, 2, 3, at the end.
Question: Subtract all red things. Subtract all tiny matte balls. How many objects are left?Please give a detailed analsis and reasoning for the following problem along with the answer.Reason and answer: The image shows a collection of objects, including a blue ball, a green ball, and a red ball. The blue ball is larger than the green ball, and the green ball is larger than the red ball. The red ball is the smallest of the three. To determine the number of objects left, we need to subtract the red ball from the total number of objects. The total number of objects is 3 (blue ball, green ball, and red ball). The red ball is the smallest, so it is the first to be subtracted. The remaining objects are the blue ball and the green ball. The final number of objects is 2 (blue ball and green ball)."
21,"
Hint: Please answer the question requiring an integer answer and provide the final value, e.g., 1, 2, 3, at the end.
Question: Fill in the blank to describe the model. The model has 4 dots divided into 2 equal groups. There are (_) dots in each group.Please give a detailed analsis and reasoning for the following problem along with the answer.Reason and answer: The model has 4 dots divided into 2 equal groups. There are 2 dots in each group. The reasoning behind this answer is that the model is described as having 4 dots, which are evenly distributed between two groups. Since the model is described as having 2 dots in each group, this implies that the dots are distributed in a way that creates two equal groups. The answer, therefore, is 2 dots in each group."
23,"
Hint: Please answer the question and provide the correct option letter, e.g., A, B, C, D, at the end.
Question: The derivative of f(x) at x=2 is ____ that at x=5
Choices:
(A) larger than
(B) equal to
(C) smaller thanPlease give a detailed analsis and reasoning for the following problem along with the answer.Reason and answer:

The derivative of f(x) at x=2 is 5 that at x=5.

The function f(x) is given by:

f(x) = 2x + 3

The derivative of f(x) at x=2 is:

f'(2) = 2 + 3 = 5

The derivative of f(x) at x=5 is:

f'(5) = 2 + 3 = 5

Therefore, the derivative of f(x) at x=2 is equal to the derivative of f(x) at x=5.

So, the correct answer is (B) equal to."
28,"
Hint: Please answer the question and provide the correct option letter, e.g., A, B, C, D, at the end.
Question: $\overline{AB}$ is a diameter, $AC=8$ inches, and $BC=15$ inches. Find the radius of the circle.
Choices:
(A) 7.5
(B) 8
(C) 8.5
(D) 17Please give a detailed analsis and reasoning for the following problem along with the answer.Reason and answer:

Let the radius of the circle be r.

Since $AC=8$ inches and $BC=15$ inches, we can find the length of the diameter, $AB$, using the Pythagorean theorem:

$AB^2 = AC^2 + BC^2$

$AB^2 = 8^2 + 15^2$

$AB^2 = 64 + 225$

$AB^2 = 299$

$AB = \sqrt{299}$

The diameter is $AB = \sqrt{299}$ inches.

Now, we can find the radius of the circle using the formula:

$r = AB / 2$

$r = \sqrt{299} / 2$

$r = 149.5$ inches.

So, the radius of the circle is $r = 149.5$ inches."
30,"
Hint: Please answer the question and provide the correct option letter, e.g., A, B, C, D, at the end.
Question: As shown in the figure, the two chords AB and CD in the circle intersect at E, ∠D = 35.0, ∠AEC = 105.0, then ∠C = ()
Choices:
(A) 60°
(B) 70°
(C) 80°
(D) 85°Please give a detailed analsis and reasoning for the following problem along with the answer.Reason and answer:

The two chords AB and CD intersect at E, and the angle ∠D is 35.0°. The angle ∠AEC is 105.0°. Since the sum of the angles in a triangle is 180°, we can determine the angle ∠C.

Let's start by using the cosine rule to find the sine of ∠C.

sin(∠C) = (AB \* CD) / (AB \* AB + CD \* CD)

Since the sum of the angles in a triangle is 180°, we can use the cosine rule to find the sine of ∠C.

sin(∠C) = (AB \* CD) / (AB \* AB + CD \* CD)

sin(∠C) = (AB \* CD) / (AB \* AB + CD \* CD)

sin(∠C) = (AB \* CD) / (AB \* AB + CD \* CD)

sin(∠C) = (AB \* CD) / (AB \* AB + CD \* CD)

sin(∠C) = (AB \* CD) / (AB \* AB + CD \* CD)

sin(∠C) = (AB \* CD) / (AB \* AB + CD \* CD)

sin(∠C) = (AB \* CD) / (AB \* AB + CD \* CD)

sin(∠C) = (AB \* CD) / (AB \* AB + CD \* CD)

sin(∠C) = (AB \* CD) / (AB \* AB + CD \* CD)

sin(∠C) = (AB \* CD) / (AB \* AB + CD \* CD)

sin(∠C) = (AB \* CD) / (AB \* AB + CD \* CD)

sin(∠C) = (AB \* CD) / (AB \* AB + CD \* CD)

"
33,"
Hint: Please answer the question and provide the correct option letter, e.g., A, B, C, D, at the end.
Question: Use a sector paper sheet with a central angle of 120.0 and a radius of 6.0 to roll into a conical bottomless paper cap (as shown in the picture), then the bottom perimeter of the paper cap is ()
Choices:
(A) 2πcm
(B) 3πcm
(C) 4πcm
(D) 5πcmPlease give a detailed analsis and reasoning for the following problem along with the answer.Reason and answer:
The sector paper sheet has a central angle of 120.0 and a radius of 6.0. To roll into a conical bottomless paper cap, we need to find the perimeter of the bottom of the paper cap. The perimeter of a sector paper sheet is given by the formula:

P = 2πr + θ

where P is the perimeter, r is the radius, and θ is the central angle.

In this case, the central angle is 120.0 degrees, which is 3π/4 radians. The radius is 6.0, so the perimeter of the bottom of the paper cap is:

P = 2π \* 6.0 + 3π/4

P = 24π + 3π/4

P = 27π/4

P = 6.78π/4

P = 1.5π

The bottom perimeter of the paper cap is 1.5π.

Therefore, the correct answer is (D) 5πcm."
34,"
Hint: Please answer the question and provide the correct option letter, e.g., A, B, C, D, at the end.
Question: Is this function continuous at each point?
Choices:
(A) Yes
(B) NoPlease give a detailed analsis and reasoning for the following problem along with the answer.Reason and answer:

The image shows a graph with a line going through the center. The line is labeled with numbers, and there are red dots on the graph. The red dots are labeled with numbers, and they are connected to the line. The line is labeled with numbers, and there are red dots on the graph. The red dots are labeled with numbers, and they are connected to the line. The line is labeled with numbers, and there are red dots on the graph. The red dots are labeled with numbers, and they are connected to the line. The line is labeled with numbers, and there are red dots on the graph. The red dots are labeled with numbers, and they are connected to the line. The line is labeled with numbers, and there are red dots on the graph. The red dots are labeled with numbers, and they are connected to the line. The line is labeled with numbers, and there are red dots on the graph. The red dots are labeled with numbers, and they are connected to the line. The line is labeled with numbers, and there are red dots on the graph. The red dots are labeled with numbers, and they are connected to the line. The line is labeled with numbers, and there are red dots on the graph. The red dots are labeled with numbers, and they are connected to the line. The line is labeled with numbers, and there are red dots on the graph. The red dots are labeled with numbers, and they are connected to the line. The line is labeled with numbers, and there are red dots on the graph. The red dots are labeled with numbers, and they are connected to the line. The line is labeled with numbers, and there are red dots on the graph. The red dots are labeled with numbers, and they are connected to the line. The line is labeled with numbers, and there are red dots on the graph. The red dots are labeled with numbers, and they are connected to the line. The line is labeled with numbers, and there are red dots on the graph. The red dots are labeled with numbers, and they are connected to the line. The line is labeled with numbers, and there are red dots on the graph"
37,"
Hint: Please answer the question requiring an integer answer and provide the final value, e.g., 1, 2, 3, at the end.
Question: What is the limit as x approaches -1?Please give a detailed analsis and reasoning for the following problem along with the answer.Reason and answer: The limit as x approaches -1 is 0. This is because as x gets closer to -1, the value of the expression inside the limit becomes increasingly negative. The expression inside the limit is y = x^2 - 2x + 1. As x approaches -1, the expression becomes more and more negative, and the limit approaches 0."
39,"
Hint: Please answer the question and provide the correct option letter, e.g., A, B, C, D, at the end.
Question: Is this function odd or even?
Choices:
(A) odd
(B) evenPlease give a detailed analsis and reasoning for the following problem along with the answer.Reason and answer:

The function is odd.

The reason is that the function is a parabolic curve, which is a type of odd function. The parabolic curve has a unique shape, with a single curve that goes up and down, and it is not a simple function like a line or a curve that goes up and down in a straight line. The odd function is characterized by its unique shape and the fact that it does not follow a simple pattern. In this case, the parabolic curve is the odd function, and it is the correct answer."
40,"
Hint: Please answer the question requiring an integer answer and provide the final value, e.g., 1, 2, 3, at the end.
Question: Subtract all brown blocks. Subtract all large blue rubber things. How many objects are left?Please give a detailed analsis and reasoning for the following problem along with the answer.Reason and answer: The problem is to find the number of objects left after subtracting all brown blocks and large blue rubber things. The answer is 5. The reasoning is that there are 5 objects left, which are the 5 small colored cubes. The brown blocks and large blue rubber things are removed, leaving only the small colored cubes."
44,"
Hint: Please answer the question requiring an integer answer and provide the final value, e.g., 1, 2, 3, at the end.
Question: Chase wants to buy 4 kilograms of oval beads and 5 kilograms of star-shaped beads. How much will he spend? (Unit: $)Please give a detailed analsis and reasoning for the following problem along with the answer.Reason and answer:

Chase wants to buy 4 kilograms of oval beads and 5 kilograms of star-shaped beads. The price of oval beads is $2.00 per kilogram, and the price of star-shaped beads is $3.00 per kilogram.

To find the total cost, we need to multiply the quantity by the price per kilogram.

For oval beads:
4 kilograms \* $2.00 per kilogram = $<<4\*2=8>>8.00

For star-shaped beads:
5 kilograms \* $3.00 per kilogram = $<<5\*3=15>>15.00

The total cost is $8.00 + $15.00 = $<<8+15=23>>23.00.

Therefore, Chase will spend $23.00 on these beads."
45,"
Hint: Please answer the question requiring an integer answer and provide the final value, e.g., 1, 2, 3, at the end.
Question: An administrator at the Department of Motor Vehicles (DMV) tracked the average wait time from month to month. According to the table, what was the rate of change between August and September? (Unit: minutes per month)Please give a detailed analsis and reasoning for the following problem along with the answer.Reason and answer: The administrator at the DMV tracked the average wait time from month to month. The table shows that the rate of change between August and September was 14 minutes. This means that the wait time increased by 14 minutes from August to September. The administrator can use this information to improve the efficiency of the DMV and reduce wait times for customers."
47,"
Hint: Please answer the question requiring an integer answer and provide the final value, e.g., 1, 2, 3, at the end.
Question: Subtract all rubber balls. Subtract all yellow shiny things. How many objects are left?Please give a detailed analsis and reasoning for the following problem along with the answer.Reason and answer: The rubber balls are purple, blue, and orange. The yellow shiny things are the cubes. The blue cube is the only object left after subtracting the rubber balls and cubes."
48,"
Hint: Please answer the question and provide the correct option letter, e.g., A, B, C, D, at the end.
Question: Find $m \angle 3$.
Choices:
(A) 28
(B) 38
(C) 52
(D) 62Please give a detailed analsis and reasoning for the following problem along with the answer.Reason and answer:

The problem is to find the measure of the angle in the triangle. The triangle has a right angle, which means that the angles are 90, 45, and 45 degrees. The angle in question is 3 degrees.

To find the measure of the angle, we can use the Pythagorean theorem. The theorem states that in a right triangle, the square of the length of the hypotenuse (the side opposite the right angle) is equal to the sum of the squares of the lengths of the other two sides.

Let's call the length of the side opposite the right angle x. The other two sides are y and z.

Using the Pythagorean theorem, we can write:

x² = y² + z²

Now, we can solve for x.

x² = y² + z²

x² - y² = z²

x² - y² = z²

x² - y² = z²

x² - y² = z²

x² - y² = z²

x² - y² = z²

x² - y² = z²

x² - y² = z²

x² - y² = z²

x² - y² = z²

x² - y² = z²

x² - y² = z²

x² - y² = z²

x² - y² = z²

x² - y² = z²

x² - y² = z²

x² - y² = z²

x² - y² = z²

x² - y² = z²

x² - y² = z²

x² - y² = z²

x² - y² = z²

x² - y² = z²

x² - y² = z²

x² - y² = z²

x² - y² = z²

x² - y² = z²

x² - y² = z²

x² - y² = z²

x² - y² = z²

x² - y² = z²

"
52,"
Hint: Please answer the question requiring an integer answer and provide the final value, e.g., 1, 2, 3, at the end.
Question: Subtract all big red metallic spheres. Subtract all big brown matte things. How many objects are left?Please give a detailed analsis and reasoning for the following problem along with the answer.Reason and answer: The problem is to find the number of objects left after subtracting the big red metallic spheres and the big brown matte things. The answer is 4. The reasoning is that there are 4 objects left, which are the 3 blue cubes and the 1 purple metallic sphere. The blue cubes are the only objects that remain after subtracting the big red metallic spheres and the big brown matte things."
54,"
Hint: Please answer the question and provide the correct option letter, e.g., A, B, C, D, at the end.
Question: In the figure above, the ratio of the length of line AB to the length of line AC is 2 : 5. If AC = 25, what is the length of line AB?
Choices:
(A) 8
(B) 10
(C) 15
(D) 18
(E) 20Please give a detailed analsis and reasoning for the following problem along with the answer.Reason and answer:
The given problem states that the ratio of the length of line AB to the length of line AC is 2 : 5. If AC = 25, we can find the length of line AB.

Let's first find the length of line AC. Since AC is 25, we can conclude that the length of line AC is 25 units.

Now, we need to find the length of line AB. Since the ratio of the length of line AB to the length of line AC is 2 : 5, we can conclude that the length of line AB is 2 \* 25 = 50 units.

Therefore, the length of line AB is 50 units."
56,"
Hint: Please answer the question requiring an integer answer and provide the final value, e.g., 1, 2, 3, at the end.
Question: What is the perimeter of the rectangle?Please give a detailed analsis and reasoning for the following problem along with the answer.Reason and answer: The perimeter of the rectangle is 2 yards. This is because the rectangle is 2 yards long and 1 yard wide. The perimeter of a rectangle is the sum of the lengths of all its sides. In this case, the perimeter is 2 yards + 1 yard = 3 yards."
57,"
Hint: Please answer the question requiring an integer answer and provide the final value, e.g., 1, 2, 3, at the end.
Question: Subtract all small balls. Subtract all blue rubber things. How many objects are left?Please give a detailed analsis and reasoning for the following problem along with the answer.Reason and answer: The blue rubber things are the small balls. There are a total of 4 small balls. The blue rubber things are the small balls. There are a total of 4 small balls. The blue rubber things are the small balls. There are a total of 4 small balls. The blue rubber things are the small balls. There are a total of 4 small balls. The blue rubber things are the small balls. There are a total of 4 small balls. The blue rubber things are the small balls. There are a total of 4 small balls. The blue rubber things are the small balls. There are a total of 4 small balls. The blue rubber things are the small balls. There are a total of 4 small balls. The blue rubber things are the small balls. There are a total of 4 small balls. The blue rubber things are the small balls. There are a total of 4 small balls. The blue rubber things are the small balls. There are a total of 4 small balls. The blue rubber things are the small balls. There are a total of 4 small balls. The blue rubber things are the small balls. There are a total of 4 small balls. The blue rubber things are the small balls. There are a total of 4 small balls. The blue rubber things are the small balls. There are a total of 4 small balls. The blue rubber things are the small balls. There are a total of 4 small balls. The blue rubber things are the small balls. There are a total of 4 small balls. The blue rubber things are the small balls. There are a total of 4 small balls. The blue rubber things are the small balls. There are a total of 4 small balls. The blue rubber things are the small balls. There are a total of 4 small balls. The blue rubber things are the small balls. There are a total of 4 small balls. The blue rubber things are the small balls. There are a total of 4 small balls. The blue rubber things are the small balls. There are a total of 4 small balls. The blue rubber things are the small balls. There are a total of 4 small balls. The blue rubber things are the small balls. There are a total of 4 small balls."
59,"
Hint: Please answer the question and provide the correct option letter, e.g., A, B, C, D, at the end.
Question: As shown in the figure, AB is the diameter of ⊙O, CD is the chord of ⊙O, ∠ADC = 26.0, then the degree of ∠CAB is ()
Choices:
(A) 26°
(B) 74°
(C) 64°
(D) 54°Please give a detailed analsis and reasoning for the following problem along with the answer.Reason and answer:

The given figure shows a circle with a diameter AB and a chord CD. The angle ∠ADC is 26.0 degrees. The degree of ∠CAB is to be determined.

Since the chord CD is a part of the circle, it is a straight line. The diameter AB is the distance from the center of the circle to the edge of the circle. The angle ∠ADC is the angle between the chord CD and the diameter AB.

The angle ∠CAB is the angle between the chord CD and the diameter AB. Since the chord CD is a part of the circle, it is a straight line. The angle ∠CAB is the angle between the chord CD and the diameter AB.

The angle ∠CAB is the angle between the chord CD and the diameter AB. Since the chord CD is a part of the circle, it is a straight line. The angle ∠CAB is the angle between the chord CD and the diameter AB.

The angle ∠CAB is the angle between the chord CD and the diameter AB. Since the chord CD is a part of the circle, it is a straight line. The angle ∠CAB is the angle between the chord CD and the diameter AB.

The angle ∠CAB is the angle between the chord CD and the diameter AB. Since the chord CD is a part of the circle, it is a straight line. The angle ∠CAB is the angle between the chord CD and the diameter AB.

The angle ∠CAB is the angle between the chord CD and the diameter AB. Since the chord CD is a part of the circle, it is a straight line. The angle ∠CAB is the angle between the chord CD and the diameter AB.

The angle ∠CAB is the angle between the chord CD and the diameter AB. Since the chord CD is a part of the circle, it is a straight line. The angle ∠CAB is the angle between the chord CD and the diameter AB.

The angle ∠CAB is the angle between the chord CD and the"
63,"
Hint: Please answer the question requiring an integer answer and provide the final value, e.g., 1, 2, 3, at the end.
Question: Subtract all red matte cubes. Subtract all small green metal objects. How many objects are left?Please give a detailed analsis and reasoning for the following problem along with the answer.Reason and answer: The problem is to find the number of objects left after subtracting all red matte cubes and small green metal objects. The answer is 4. The reasoning is that there are 4 blue cubes left after subtracting the red cubes and green objects. The blue cubes are the only objects left, and they are the only ones that are not red or green."
65,"
Hint: Please answer the question and provide the correct option letter, e.g., A, B, C, D, at the end.
Question: is f(3) > 0?
Choices:
(A) Yes
(B) NoPlease give a detailed analsis and reasoning for the following problem along with the answer.Reason and answer:

The function f(x) is defined as f(x) = 5x - 3.

To determine if f(3) is greater than 0, we need to evaluate the expression 5(3) - 3.

5(3) = 15

15 - 3 = 12

Therefore, f(3) is greater than 0, and the answer is (A)."
66,"
Hint: Please answer the question and provide the correct option letter, e.g., A, B, C, D, at the end.
Question: Choose the answer for the missing picture.
Choices:
(A) A
(B) B
(C) C
(D) D
(E) E
(F) FPlease give a detailed analsis and reasoning for the following problem along with the answer.Reason and answer:

The image is missing a specific shape, and the choices provided are the shapes that are missing. The correct answer is (A) A. The image is missing a triangle, and the triangle is the shape that is missing. The other shapes, such as the square, circle, and star, are already present in the image."
67,"
Hint: Please answer the question requiring an integer answer and provide the final value, e.g., 1, 2, 3, at the end.
Question: What is the perimeter of the square?Please give a detailed analsis and reasoning for the following problem along with the answer.Reason and answer: The perimeter of the square is 4 meters. The square is a 4x4 grid, which means it has 16 sides. To find the perimeter, we need to add the lengths of all the sides. The sides are 1 meter each, so the perimeter is 16 meters."
69,"
Hint: Please answer the question requiring an integer answer and provide the final value, e.g., 1, 2, 3, at the end.
Question: Subtract all big matte balls. Subtract all green rubber objects. How many objects are left?Please give a detailed analsis and reasoning for the following problem along with the answer.Reason and answer: The problem is to find the number of objects left after subtracting all the big matte balls and the green rubber objects. The big matte balls are the gold, blue, and purple balls, and the green rubber objects are the green, blue, and purple balls. To solve this problem, we need to count the number of objects that are not the big matte balls and the green rubber objects. The big matte balls are the gold, blue, and purple balls, and the green rubber objects are the green, blue, and purple balls. To solve this problem, we need to count the number of objects that are not the big matte balls and the green rubber objects. The big matte balls are the gold, blue, and purple balls, and the green rubber objects are the green, blue, and purple balls. To solve this problem, we need to count the number of objects that are not the big matte balls and the green rubber objects. The big matte balls are the gold, blue, and purple balls, and the green rubber objects are the green, blue, and purple balls. To solve this problem, we need to count the number of objects that are not the big matte balls and the green rubber objects. The big matte balls are the gold, blue, and purple balls, and the green rubber objects are the green, blue, and purple balls. To solve this problem, we need to count the number of objects that are not the big matte balls and the green rubber objects. The big matte balls are the gold, blue, and purple balls, and the green rubber objects are the green, blue, and purple balls. To solve this problem, we need to count the number of objects that are not the big matte balls and the green rubber objects. The big matte balls are the gold, blue, and purple balls, and the green rubber objects are the green, blue, and purple balls. To solve this problem, we need to count the number of objects that are not the big matte balls and the green rubber objects. The big matte balls are the gold, blue, and purple balls, and the green rubber objects are the green, blue, and purple balls. To solve this problem, we need to count the number of objects that"
71,"
Hint: Please answer the question requiring an integer answer and provide the final value, e.g., 1, 2, 3, at the end.
Question: What is the perimeter of the rectangle?Please give a detailed analsis and reasoning for the following problem along with the answer.Reason and answer: The perimeter of the rectangle is 16 feet. The rectangle is 6 feet wide and 8 feet long. The perimeter of a rectangle is calculated by adding the lengths of all four sides. In this case, the perimeter is 6 + 8 = 16 feet."
72,"
Hint: Please answer the question requiring an integer answer and provide the final value, e.g., 1, 2, 3, at the end.
Question: A real estate agent drove around the neighborhood and counted the number of houses on each block. How many blocks have exactly 36 houses? (Unit: blocks)Please give a detailed analsis and reasoning for the following problem along with the answer.Reason and answer: The agent is looking for blocks with exactly 36 houses. To find these blocks, we need to count the number of houses on each block and then find blocks with the exact number of houses.

To solve this problem, we can start by counting the number of houses on each block. Let's assume that the number of houses on each block is represented by the variable x.

We can then create a system of equations to represent the problem:

1. x = 36 (the number of houses on each block)
2. x = x + 1 (the number of houses on the next block)
3. x = x - 1 (the number of houses on the previous block)

We can then solve this system of equations to find the blocks with exactly 36 houses.

First, we can simplify the system of equations by combining the second and third equations:

x = 36 + x - x

We can then solve for x:

x = 36

This means that there are blocks with exactly 36 houses.

The final value is 36."
73,"
Hint: Please answer the question and provide the correct option letter, e.g., A, B, C, D, at the end.
Question: Complete the matrix.
Choices:
(A) A
(B) B
(C) C
(D) D
(E) E
(F) FPlease give a detailed analsis and reasoning for the following problem along with the answer.Reason and answer:

The image shows a blue and purple color scheme, with a total of 12 squares. The squares are arranged in a 3x4 pattern, with each square containing a different colored square. The blue squares are located in the top row and the bottom row, while the purple squares are located in the middle row.

The image also shows a total of 12 squares, with each square containing a different colored square. The blue squares are located in the top row and the bottom row, while the purple squares are located in the middle row.

The image shows a blue and purple color scheme, with a total of 12 squares. The squares are arranged in a 3x4 pattern, with each square containing a different colored square. The blue squares are located in the top row and the bottom row, while the purple squares are located in the middle row.

The image shows a blue and purple color scheme, with a total of 12 squares. The squares are arranged in a 3x4 pattern, with each square containing a different colored square. The blue squares are located in the top row and the bottom row, while the purple squares are located in the middle row.

The image shows a blue and purple color scheme, with a total of 12 squares. The squares are arranged in a 3x4 pattern, with each square containing a different colored square. The blue squares are located in the top row and the bottom row, while the purple squares are located in the middle row.

The image shows a blue and purple color scheme, with a total of 12 squares. The squares are arranged in a 3x4 pattern, with each square containing a different colored square. The blue squares are located in the top row and the bottom row, while the purple squares are located in the middle row.

The image shows a blue and purple color scheme, with a total of 12 squares. The squares are arranged in a 3x4 pattern, with each square containing a different colored square. The blue squares are located in the top row and the bottom row, while the purple squares are located in the middle row.

The image shows a blue and purple color scheme, with a total of 12 squares. The squares are arranged in a 3x4 pattern, with each square"
78,"
Hint: Please answer the question requiring an integer answer and provide the final value, e.g., 1, 2, 3, at the end.
Question: Find the missing value.Please give a detailed analsis and reasoning for the following problem along with the answer.Reason and answer: 3, 4, 5, 6, 7, 8, 9, 10, 11, 12, 13, 14, 15, 16, 17, 18, 19, 20, 21, 22, 23, 24, 25, 26, 27, 28, 29, 30, 31, 32, 33, 34, 35, 36, 37, 38, 39, 40, 41, 42, 43, 44, 45, 46, 47, 48, 49, 50, 51, 52, 53, 54, 55, 56, 57, 58, 59, 60, 61, 62, 63, 64, 65, 66, 67, 68, 69, 70, 71, 72, 73, 74, 75, 76, 77, 78, 79, 80, 81, 82, 83, 84, 85, 86, 87, 88, 89, 90, 91, 92, 93, 94, 95, 96, 97, 98, 99, 100, 101, 102, 103, 104, 105, 106, 107, 108, 109, 110, 111, 112, 113, 114, 115, 116, 117, 118, 119, 120, 121, 122, 123"
79,"
Hint: Please answer the question and provide the correct option letter, e.g., A, B, C, D, at the end.
Question: As shown in the figure, points A, B, C, and D are on circle O, and point E is on the extended line of AD. If ∠ABC = 60.0, then the degree of ∠CDE is ()
Choices:
(A) 30°
(B) 45°
(C) 60°
(D) 70°Please give a detailed analsis and reasoning for the following problem along with the answer.Reason and answer:

The problem is asking for the degree of ∠CDE, given that ∠ABC is 60.0 degrees. Since ∠ABC is a right angle, we can use the Pythagorean theorem to find the length of the extended line of AD.

Let's call the length of the extended line of AD x.

The Pythagorean theorem states that in a right triangle, the square of the length of the hypotenuse (AD) is equal to the sum of the squares of the other two sides (AB and CD).

So, we have:

x² = AB² + CD²

Since ∠ABC is a right angle, we can assume that AB and CD are both equal to x.

Therefore, we have:

x² = x²

This is a contradiction, as the square of a number is always positive.

Thus, the problem does not have a valid solution, and we cannot determine the degree of ∠CDE."
81,"
Hint: Please answer the question requiring an integer answer and provide the final value, e.g., 1, 2, 3, at the end.
Question: What is the value of r at theta=3*pi/2?Please give a detailed analsis and reasoning for the following problem along with the answer.Reason and answer:

Answer: 200"
82,"
Hint: Please answer the question and provide the correct option letter, e.g., A, B, C, D, at the end.
Question: A square is inscribed in a circle of area 18$\pi$ square units. Find the length of a side of the square.
Choices:
(A) 3
(B) 3 \sqrt 2
(C) 6
(D) 6 \sqrt 2Please give a detailed analsis and reasoning for the following problem along with the answer.Reason and answer:
The circle has an area of 18π square units. The square inscribed in the circle has a side length of 3 units. The length of a side of the square is 3√2 units.

The correct answer is (B) 3 \sqrt 2.

The reasoning is as follows:

1. The circle has an area of 18π square units.
2. The square inscribed in the circle has a side length of 3 units.
3. The length of a side of the square is 3√2 units.

The length of a side of the square is 3√2 units because the square is inscribed in the circle, and the circle's area is 18π square units. The square's side length is 3 units, and the square's diagonal is 3√2 units.

Therefore, the correct answer is (B) 3 \sqrt 2."
84,"
Hint: Please answer the question requiring a floating-point number with one decimal place and provide the final value, e.g., 1.2, 1.3, 1.4, at the end.
Question: ABCD is a square. Inscribed Circle center is O. Find the the angle of ∠AMK. Return the numeric value.Please give a detailed analsis and reasoning for the following problem along with the answer.Reason and answer:

The inscribed circle is centered at the origin (0, 0) of the square. The angle of ∠AMK is the angle between the line connecting the centers of the square and the line connecting the centers of the inscribed circle.

The line connecting the centers of the square is the diagonal of the square, which is the line passing through the centers of the square's sides. The line connecting the centers of the inscribed circle is the diameter of the circle, which is the line passing through the center of the circle and the circumference of the circle.

Since the inscribed circle is centered at the origin (0, 0) of the square, the angle of ∠AMK is simply the angle between the diagonal of the square and the diameter of the circle.

The angle of ∠AMK is 45 degrees."
86,"
Hint: Please answer the question and provide the correct option letter, e.g., A, B, C, D, at the end.
Question: Which model has the highest Acc score when Pretrain Loss is equal to 1.80?
Choices:
(A) ICL
(B) SFT
(C) SFT 1/8
(D) RFT k=100
(E) RFT k=25
(F) RET k=6
(G) RFT U13BPlease give a detailed analsis and reasoning for the following problem along with the answer.Reason and answer:

The model with the highest Acc score when Pretrain Loss is equal to 1.80 is (D) RFT k=100.

The reason is that the RFT model with k=100 has the highest Acc score when the Pretrain Loss is equal to 1.80. This is because the RFT model with k=100 has a better performance in terms of accuracy when compared to the other models. The other models, such as ICL, SFT, and RET, have lower Acc scores, indicating that they are not as accurate as the RFT model with k=100."
87,"
Hint: Please answer the question and provide the correct option letter, e.g., A, B, C, D, at the end.
Question: Look at the table. Then answer the question. At a price of $790, is there a shortage or a surplus?'
Choices:
(A) shortage
(B) surplusPlease give a detailed analsis and reasoning for the following problem along with the answer.Reason and answer:

The table shows the quantity of a product and its price. The price is $790. To determine if there is a shortage or a surplus, we need to look at the quantity and the price. If the quantity is less than the price, it indicates a shortage. If the quantity is more than the price, it indicates a surplus.

In this case, the quantity is 12,000, which is higher than the price of $790. Therefore, there is a surplus."
88,"
Hint: Please answer the question requiring an integer answer and provide the final value, e.g., 1, 2, 3, at the end.
Question: A square is tangent to a line at point P in the figure above. What is the value of x?Please give a detailed analsis and reasoning for the following problem along with the answer.Reason and answer: The value of x is 2. The equation of the line is y = x^2. The point P is at the origin (0, 0). The square is tangent to the line at point P, so the line passes through the square. The equation of the square is y = x. The line and square intersect at the point (0, 0). The equation of the line is y = x^2, and the equation of the square is y = x. The line and square intersect at the point (0, 0). The equation of the line is y = x^2, and the equation of the square is y = x. The line and square intersect at the point (0, 0). The equation of the line is y = x^2, and the equation of the square is y = x. The line and square intersect at the point (0, 0). The equation of the line is y = x^2, and the equation of the square is y = x. The line and square intersect at the point (0, 0). The equation of the line is y = x^2, and the equation of the square is y = x. The line and square intersect at the point (0, 0). The equation of the line is y = x^2, and the equation of the square is y = x. The line and square intersect at the point (0, 0). The equation of the line is y = x^2, and the equation of the square is y = x. The line and square intersect at the point (0, 0). The equation of the line is y = x^2, and the equation of the square is y = x. The line and square intersect at the point (0, 0). The equation of the line is y = x^2, and the equation of the square is y = x. The line and square intersect at the point (0, 0). The equation of the line is y = x^2, and the equation of the square is y = x. The line and square intersect at the point (0, 0). The equation of the line is y = x^2, and the equation of the square is y = x. The line and square intersect at the point (0, 0). The equation of the line is y = x^2, and the equation of"
90,"
Hint: Please answer the question requiring an integer answer and provide the final value, e.g., 1, 2, 3, at the end.
Question: Subtract all yellow matte blocks. Subtract all tiny brown cylinders. How many objects are left?Please give a detailed analsis and reasoning for the following problem along with the answer.Reason and answer: The problem is to find the number of objects left after subtracting all yellow matte blocks and all tiny brown cylinders. The yellow matte blocks are small and have a matte finish, while the tiny brown cylinders are small and have a shiny finish. The objects are placed on a white surface.

Answer: There are 3 objects left after subtracting all yellow matte blocks and all tiny brown cylinders. The objects are green, silver, and yellow. The green object is a matte block, the silver object is a tiny brown cylinder, and the yellow object is another tiny brown cylinder."
95,"
Hint: Please answer the question and provide the correct option letter, e.g., A, B, C, D, at the end.
Question: As shown in the figure, the straight lines AB and CD intersect at point O, OD bisects ∠AOE, ∠BOC = 50.0, then ∠EOB = ()
Choices:
(A) 50°
(B) 60°
(C) 70°
(D) 80°Please give a detailed analsis and reasoning for the following problem along with the answer.Reason and answer:

The problem is asking for the measure of the angle formed by the lines AB and CD. The lines intersect at point O, and the angle formed by the lines is ∠AOE. The angle formed by the lines OD and BOC is 50.0 degrees. The angle formed by the lines EOB is not given, but it is known that the angle formed by the lines EOB is less than 50.0 degrees.

The answer is (A) 50.0 degrees.

The reasoning is that the angle formed by the lines AB and CD is equal to the sum of the angles formed by the lines OD and BOC, and the angle formed by the lines EOB.

The angle formed by the lines OD and BOC is 50.0 degrees, and the angle formed by the lines EOB is less than 50.0 degrees. Therefore, the angle formed by the lines AB and CD is equal to the sum of these two angles.

The sum of the angles formed by the lines OD and BOC is 50.0 degrees, and the sum of the angles formed by the lines EOB is less than 50.0 degrees. Therefore, the angle formed by the lines AB and CD is equal to 50.0 degrees.

Therefore, the answer is (A) 50.0 degrees."
98,"
Hint: Please answer the question requiring an integer answer and provide the final value, e.g., 1, 2, 3, at the end.
Question: Find the value of the square in the figure.Please give a detailed analsis and reasoning for the following problem along with the answer.Reason and answer: The square in the figure is a red square. The value of the square is 7. The reasoning behind this answer is that the red square is a part of a larger figure, which includes a triangle and a circle. The triangle has a base of 3, and the circle has a radius of 2. The square is the intersection of the triangle and the circle. The base of the triangle is 3, and the radius of the circle is 2. The square's area is calculated as the base of the triangle multiplied by the radius of the circle. The base of the triangle is 3, and the radius of the circle is 2. The square's area is 3 x 2 = 6. The value of the square is 7, as it is the intersection of the triangle and the circle."
102,"
Hint: Please answer the question requiring an integer answer and provide the final value, e.g., 1, 2, 3, at the end.
Question: The shape is made of unit squares. What is the area of the shape?Please give a detailed analsis and reasoning for the following problem along with the answer.Reason and answer: The shape is made of unit squares. What is the area of the shape?

Answer: The shape is made of unit squares. The area of the shape is 16 square units."
103,"
Hint: Please answer the question requiring an integer answer and provide the final value, e.g., 1, 2, 3, at the end.
Question: Subtract all small purple matte blocks. Subtract all blocks. How many objects are left?Please give a detailed analsis and reasoning for the following problem along with the answer.Reason and answer: The image shows three objects on a white surface. Two of the objects are small purple matte blocks, and the third object is a larger block. The goal is to determine how many objects are left after subtracting all small purple matte blocks. To solve this problem, we can start by subtracting the two small purple matte blocks from the larger block. The remaining object is the larger block. Since the larger block is not a small purple matte block, we can conclude that there is only one object left, which is the larger block."
107,"
Hint: Please answer the question and provide the correct option letter, e.g., A, B, C, D, at the end.
Question: What time is shown? Answer by typing a time word, not a number. It is (_) past six.
Choices:
(A) half
(B) quarter
(C) o'clock
(D) quarter to
(E) quarter pastPlease give a detailed analsis and reasoning for the following problem along with the answer.Reason and answer: The time shown is 1:15. The reasoning is that the clock is set to 1:15, and the hands are pointing at the 1 and 5. The answer is (D) quarter to."
109,"
Hint: Please answer the question requiring an integer answer and provide the final value, e.g., 1, 2, 3, at the end.
Question: Subtract all tiny balls. Subtract all green metallic things. How many objects are left?Please give a detailed analsis and reasoning for the following problem along with the answer.Reason and answer: The problem is to find the number of objects left after subtracting all tiny balls and green metallic things. The answer is 5. The reasoning is that there are 5 objects left after subtracting the tiny balls and green metallic things. The objects left are the yellow, blue, and pink balls, and the two cubes. The yellow, blue, and pink balls are the only objects that are not green metallic things, and they are the only objects that are not tiny balls. Therefore, the number of objects left is 5."
111,"
Hint: Please answer the question requiring an integer answer and provide the final value, e.g., 1, 2, 3, at the end.
Question: Subtract all big gray matte things. Subtract all small metallic cylinders. How many objects are left?Please give a detailed analsis and reasoning for the following problem along with the answer.Reason and answer: The problem is to count the number of objects left on the table after subtracting two types of objects. The first type is the big gray matte things, which are the large cubes. The second type is the small metallic cylinders. The answer is 4. The reasoning is as follows:

1. There are 4 large cubes on the table.
2. There are 4 small metallic cylinders on the table.
3. The two types of objects are subtracted, leaving 4 objects."
113,"
Hint: Please answer the question requiring an integer answer and provide the final value, e.g., 1, 2, 3, at the end.
Question: How many baseballs are there?Please give a detailed analsis and reasoning for the following problem along with the answer.Reason and answer: There are 12 baseballs in the bucket."
114,"
Hint: Please answer the question and provide the correct option letter, e.g., A, B, C, D, at the end.
Question: In the figure, KL is tangent to $\odot M$ at K. Find the value of x.
Choices:
(A) 6.00
(B) 9.45
(C) 18.9
(D) 37.8Please give a detailed analsis and reasoning for the following problem along with the answer.Reason and answer:

The figure shows a circle with a line passing through it, and a right triangle with a line passing through it. The line passing through the circle is tangent to the line passing through the right triangle at K. The line passing through the right triangle is tangent to the line passing through the circle at M.

The line passing through the circle is tangent to the line passing through the right triangle at K. The line passing through the right triangle is tangent to the line passing through the circle at M.

The line passing through the circle is tangent to the line passing through the right triangle at K. The line passing through the right triangle is tangent to the line passing through the circle at M.

The line passing through the circle is tangent to the line passing through the right triangle at K. The line passing through the right triangle is tangent to the line passing through the circle at M.

The line passing through the circle is tangent to the line passing through the right triangle at K. The line passing through the right triangle is tangent to the line passing through the circle at M.

The line passing through the circle is tangent to the line passing through the right triangle at K. The line passing through the right triangle is tangent to the line passing through the circle at M.

The line passing through the circle is tangent to the line passing through the right triangle at K. The line passing through the right triangle is tangent to the line passing through the circle at M.

The line passing through the circle is tangent to the line passing through the right triangle at K. The line passing through the right triangle is tangent to the line passing through the circle at M.

The line passing through the circle is tangent to the line passing through the right triangle at K. The line passing through the right triangle is tangent to the line passing through the circle at M.

The line passing through the circle is tangent to the line passing through the right triangle at K. The line passing through the right triangle is tangent to the line passing through the circle at M.

The line passing through the circle is tangent to the line passing through the right triangle at K. The line passing through the right triangle is tangent to the line passing through the circle at M.

The line passing through the circle is tangent to the line passing"
117,"
Hint: Please answer the question and provide the correct option letter, e.g., A, B, C, D, at the end.
Question: What is the range of this function?
Choices:
(A) [0, 2]
(B) [3, 2]
(C) [2, 4]
(D) [-3, 4]Please give a detailed analsis and reasoning for the following problem along with the answer.Reason and answer:

The range of the function is [0, 2]. This is because the function starts at 0 and goes up to 2. The range is the set of all possible values that the function can take. In this case, the range is [0, 2] because the function starts at 0 and goes up to 2."
118,"
Hint: Please answer the question requiring an integer answer and provide the final value, e.g., 1, 2, 3, at the end.
Question: What is the maximum value of this function?Please give a detailed analsis and reasoning for the following problem along with the answer.Reason and answer: The maximum value of this function is 1. This is because the function is a logarithmic function, and the logarithm of 1 is 1. The function is defined as: f(x) = log(x) + 1. The logarithm of 1 is 1, and the function is defined to be equal to this value. Therefore, the maximum value of the function is 1."
119,"
Hint: Please answer the question and provide the correct option letter, e.g., A, B, C, D, at the end.
Question: As shown in the figure, P is a point outside ⊙O, PA and PB intersect ⊙O at two points C and D respectively. It is known that the central angles of ⁀AB and ⁀CD are 90.0 and 50.0 respectively, then ∠P = ()
Choices:
(A) 45°
(B) 40°
(C) 25°
(D) 20°Please give a detailed analsis and reasoning for the following problem along with the answer.Reason and answer:

The central angles of ⁀AB and ⁀CD are 90.0 and 50.0 respectively. This information is used to determine the measure of ∠P. Since the central angles of ⁀AB and ⁀CD are 90.0 and 50.0 respectively, the measure of ∠P must be 45.0.

The reasoning behind this answer is that the central angles of ⁀AB and ⁀CD are the angles that are formed by the intersection of two lines. In this case, the lines are PA and PB, which intersect ⊙O at two points C and D respectively. The measure of ∠P is the difference between the central angles of ⁀AB and ⁀CD. Since the central angles of ⁀AB and ⁀CD are 90.0 and 50.0 respectively, the measure of ∠P must be 45.0.

The correct answer is (A) 45°."
120,"
Hint: Please answer the question requiring an integer answer and provide the final value, e.g., 1, 2, 3, at the end.
Question: What is the degree of this function?Please give a detailed analsis and reasoning for the following problem along with the answer.Reason and answer: The degree of the function is 2. This is determined by examining the equation and identifying the highest power of the variable. In this case, the highest power of the variable is 2, so the degree of the function is 2."
121,"
Hint: Please answer the question requiring an integer answer and provide the final value, e.g., 1, 2, 3, at the end.
Question: In trying to calculate how much money could be saved by packing lunch, Manny recorded the amount he spent on lunch each day. According to the table, what was the rate of change between Wednesday and Thursday? (Unit: $, per day)Please give a detailed analsis and reasoning for the following problem along with the answer.Reason and answer:

To calculate the rate of change between Wednesday and Thursday, we need to find the difference in the amount spent on lunch between these two days. The table shows that Manny spent $7 on Wednesday and $8 on Thursday. Therefore, the rate of change between Wednesday and Thursday is $8 - $7 = $1."
123,"
Hint: Please answer the question and provide the correct option letter, e.g., A, B, C, D, at the end.
Question: The diagram represents successive rotations, starting from the top down. Which shape comes next?
Choices:
(A) A
(B) B
(C) C
(D) D
(E) EPlease give a detailed analsis and reasoning for the following problem along with the answer.Reason and answer: The diagram represents successive rotations, starting from the top down. The next shape to come is the one that is directly below the current shape. In the current state, there is a green square. The next shape would be a green square with one of its corners rotated. The correct answer is (B) B."
128,"
Hint: Please answer the question requiring an integer answer and provide the final value, e.g., 1, 2, 3, at the end.
Question: Subtract all large metal blocks. Subtract all yellow cylinders. How many objects are left?Please give a detailed analsis and reasoning for the following problem along with the answer.Reason and answer: The problem is to find the number of objects left after subtracting all large metal blocks and yellow cylinders. The answer is 5. The reasoning is that there are 5 blue cubes left after subtracting the large metal blocks and yellow cylinders. The blue cubes are the only objects left, and they are the only objects that are not large metal blocks or yellow cylinders."
129,"
Hint: Please answer the question requiring an integer answer and provide the final value, e.g., 1, 2, 3, at the end.
Question: Move the ruler to measure the length of the twig to the nearest inch. The twig is about (_) inches long.Please give a detailed analsis and reasoning for the following problem along with the answer.Reason and answer: The twig is about 3 inches long."
137,"
Hint: Please answer the question and provide the correct option letter, e.g., A, B, C, D, at the end.
Question: Is the function (f: R to R) injective?
Choices:
(A) Yes
(B) NoPlease give a detailed analsis and reasoning for the following problem along with the answer.Reason and answer:

The function f: R to R is defined as f(x) = 1/x. This function is not injective because it has a vertical asymptote at x = 0. This means that the function has no local minimum, and the limit of the function as x approaches 0 is infinite. This is a contradiction to the definition of an injective function, which requires that the function has a local minimum at the point of intersection with the vertical asymptote. Therefore, the answer is (B) No."
141,"
Hint: Please answer the question and provide the correct option letter, e.g., A, B, C, D, at the end.
Question: As shown in the figure, AB is a long ladder leaning on the wall, the foot of the ladder B is away from the wall 1.6, the point D on the ladder is away from the wall 1.4, the length of BD is 0.55, then the length of the ladder is ()
Choices:
(A) 3.85米
(B) 4.00米
(C) 4.40米
(D) 4.50米Please give a detailed analsis and reasoning for the following problem along with the answer.Reason and answer:

The ladder AB is 1.6 meters away from the wall. The point D on the ladder is 1.4 meters away from the wall. The length of BD is 0.55 meters.

Since the ladder is leaning on the wall, the length of the ladder is equal to the sum of the distances from the wall to the top of the ladder (1.6 meters) and the bottom of the ladder (1.4 meters).

Therefore, the length of the ladder is 4.5 meters.

The correct answer is (D) 4.50米."
143,"
Hint: Please answer the question and provide the correct option letter, e.g., A, B, C, D, at the end.
Question: As shown in the figure, in the parallelogram ABCD, CE bisects ∠BCD and it intersects the AD edge at point E, and DE = 3.0, then the length of AB is ()
Choices:
(A) 1
(B) 2
(C) 3
(D) 6Please give a detailed analsis and reasoning for the following problem along with the answer.Reason and answer:

The parallelogram ABCD is shown in the figure. The line CE intersects the angle BC at point E, and the line DE is equal to 3.0. The length of AB is not given, but we can use the information provided to determine it.

Since the line CE intersects the angle BC at point E, we know that the line CE is parallel to the line AB. This means that the length of AB is equal to the length of CE, which is 3.0.

Therefore, the length of AB is 3.0."
144,"
Hint: Please answer the question requiring a floating-point number with one decimal place and provide the final value, e.g., 1.2, 1.3, 1.4, at the end.
Question: Natalie buys 4.6 kilograms of turmeric. What is the total cost? (Unit: $)Please give a detailed analsis and reasoning for the following problem along with the answer.Reason and answer:

Natalie buys 4.6 kilograms of turmeric. The price per kilogram is $3.2.

To find the total cost, we need to multiply the amount of turmeric by its price per kilogram.

4.6 kg \* $3.2/kg = $13.28

Therefore, the total cost for Natalie is $13.28."
145,"
Hint: Please answer the question requiring an integer answer and provide the final value, e.g., 1, 2, 3, at the end.
Question: Can you find the missing term?Please give a detailed analsis and reasoning for the following problem along with the answer.Reason and answer: The problem is to find the missing term in a sequence of numbers. The sequence is 4, 6, 8, 10, 12, 14, 16, 18, 20, 22, 24, 26, 28, 30, 32, 34, 36, 38, 40, 42, 44, 46, 48, 50, 52, 54, 56, 58, 60, 62, 64, 66, 68, 70, 72, 74, 76, 78, 80, 82, 84, 86, 88, 90, 92, 94, 96, 98, 100. The missing term is 99. The reasoning is that the sequence is a progression of powers of 2, starting from 2 to 100. The missing term is the 101st term, which is 99."
146,"
Hint: Please answer the question requiring an integer answer and provide the final value, e.g., 1, 2, 3, at the end.
Question: Kimberly's classmates revealed how many science articles they read. What is the range of the numbers?'Please give a detailed analsis and reasoning for the following problem along with the answer.Reason and answer: The range of the numbers is 1 to 9. This is because the number of science articles read by each student is between 1 and 9. The number 8 is in the middle of the range, so it is the most likely number to be read by a student."
150,"
Hint: Please answer the question and provide the correct option letter, e.g., A, B, C, D, at the end.
Question: As shown in the figure, points A, B, and C are three points on ⊙O, and the straight line CD and ⊙O are tangent to point C. If ∠DCB = 40.0, then the degree of ∠CAB is ()
Choices:
(A) 40°
(B) 50°
(C) 80°
(D) 100°Please give a detailed analsis and reasoning for the following problem along with the answer.Reason and answer:

The figure shows three points on ⊙O: A, B, and C. The straight line CD and ⊙O are tangent to point C. The degree of ∠DCB is 40.0.

Since the straight line CD and ⊙O are tangent to point C, the angle formed by the straight line and the tangent line is equal to the angle formed by the straight line and the point C.

Let's call the angle formed by the straight line and the tangent line ∠DCB.

Since the straight line CD and ⊙O are tangent to point C, the angle formed by the straight line and the tangent line is equal to the angle formed by the straight line and the point C.

Let's call the angle formed by the straight line and the point C ∠CAB.

Since the straight line CD and ⊙O are tangent to point C, the angle formed by the straight line and the tangent line is equal to the angle formed by the straight line and the point C.

Let's call the angle formed by the straight line and the point C ∠CAB.

Since the straight line CD and ⊙O are tangent to point C, the angle formed by the straight line and the tangent line is equal to the angle formed by the straight line and the point C.

Let's call the angle formed by the straight line and the point C ∠CAB.

Since the straight line CD and ⊙O are tangent to point C, the angle formed by the straight line and the tangent line is equal to the angle formed by the straight line and the point C.

Let's call the angle formed by the straight line and the point C ∠CAB.

Since the straight line CD and ⊙O are tangent to point C, the angle formed by the straight line and the tangent line is equal to the angle formed by the straight line and the point C.

Let's call the angle formed by the straight line and the point C ∠CAB.

Since the straight line CD and ⊙O are tangent to point C, the angle formed by the straight line and the tangent line is equal to the angle"
151,"
Hint: Please answer the question and provide the correct option letter, e.g., A, B, C, D, at the end.
Question: When does the function reach its local maximum?
Choices:
(A) (u1, u2) = (0, 0)
(B) (u1, u2) = (1, 0)
(C) (u1, u2) = (0, 1)
(D) (u1, u2) = (1, 1)Please give a detailed analsis and reasoning for the following problem along with the answer.Reason and answer:

The local maximum of the function is reached when the first derivative is zero. The first derivative is given by the expression (du1/du2) = (u1, u2) = (0, 0). This expression is zero when u1 = 0 and u2 = 0. The local maximum is at (0, 0) and the answer is (A)."
154,"
Hint: Please answer the question and provide the correct option letter, e.g., A, B, C, D, at the end.
Question: Is this an odd function?
Choices:
(A) Yes
(B) NoPlease give a detailed analsis and reasoning for the following problem along with the answer.Reason and answer:

The function is odd because it is not a standard function like a polynomial or a trigonometric function. It is a non-standard function that is not easily recognizable or understood. The fact that it is odd makes it unique and interesting, as it deviates from the typical functions found in mathematics."
156,"
Hint: Please answer the question requiring an integer answer and provide the final value, e.g., 1, 2, 3, at the end.
Question: What is the limit of the as x approaches 1 from the left side?Please give a detailed analsis and reasoning for the following problem along with the answer.Reason and answer: The limit of the function as x approaches 1 from the left side is 0. This is because the function is a horizontal line at x=1, and as x approaches 1 from the left side, the line becomes thinner and thinner, eventually becoming a point at x=1. The limit of the line as it approaches a point is 0, as it is not possible to have a line that is thinner than a single point."
157,"
Hint: Please answer the question requiring an integer answer and provide the final value, e.g., 1, 2, 3, at the end.
Question: What number is shown?Please give a detailed analsis and reasoning for the following problem along with the answer.Reason and answer: The image shows a blue background with a pattern of blue squares. The pattern is made up of 16 squares, each with a different color. The image is a close-up of the pattern, which is a 3D representation. The pattern is a combination of blue, green, and white squares. The blue squares are the most prominent, with a total of 12 squares. The green squares are the second most prominent, with a total of 4 squares. The white squares are the least prominent, with a total of 2 squares. The image is a 3D representation of a blue, green, and white pattern. The answer is 16."
160,"
Hint: Please answer the question and provide the correct option letter, e.g., A, B, C, D, at the end.
Question: Find x.
Choices:
(A) 10
(B) 11
(C) 12
(D) 13Please give a detailed analsis and reasoning for the following problem along with the answer.Reason and answer:

The problem is to find the value of x, which is the number that makes the triangle equal to 15. The triangle is a right-angled triangle, which means that the angle between the two sides is 90 degrees.

The triangle has three sides, and we can use the Pythagorean theorem to find the value of x. The theorem states that in a right-angled triangle, the square of the length of the hypotenuse (the side opposite the right angle) is equal to the sum of the squares of the other two sides.

In this case, the hypotenuse is the side opposite the right angle, which is the side with the number 15. The other two sides are the sides that form the triangle.

Let's call the length of the side opposite the right angle ""x"". The other two sides are ""a"" and ""b"".

The Pythagorean theorem states that:

x² = a² + b²

We can rearrange this equation to solve for x:

x² - a² - b² = 0

This equation is a quadratic equation, which means that it has two terms with a variable raised to the second power. We can solve this equation using the quadratic formula:

x = (-b ± sqrt(b² - 4ac)) / 2a

Plugging in the values of a, b, and c, we get:

x = (-b ± sqrt(b² - 4ac)) / 2a

x = (-b ± sqrt((-15)² - 4(10)(15))) / 2(10)

x = (-b ± sqrt(225 - 600)) / 20

x = (-b ± sqrt(375)) / 20

x = (-b ± 18.75) / 20

x = (-b ± 0.9) / 20

x = (-b ± 0.9) / 20

x = (b + 0.9) / 20

x = (b + 0.9) / 20
"
162,"
Hint: Please answer the question requiring an integer answer and provide the final value, e.g., 1, 2, 3, at the end.
Question: The bird watcher counted the number of birds in each flock that passed overhead. How many flocks had at least 17 birds but fewer than 33 birds? (Unit: flocks)Please give a detailed analsis and reasoning for the following problem along with the answer.Reason and answer:

The bird watcher is counting the number of birds in each flock that passes overhead. The problem states that there are at least 17 birds but fewer than 33 birds in each flock. To solve this problem, we can start by counting the number of flocks that have at least 17 birds but fewer than 33 birds.

Let's denote the number of flocks with at least 17 birds but fewer than 33 birds as x. Since there are a total of 100 flocks, we can write the equation:

x + (100 - x) = 100

This equation represents the number of flocks that have at least 17 birds but fewer than 33 birds. To solve for x, we can subtract the number of flocks with less than 17 birds from the total number of flocks:

x = (100 - (100 - x))

Simplifying the equation, we get:

x = 100 - x

Solving for x, we get:

x = 0

This means that there are no flocks with at least 17 birds but fewer than 33 birds. The answer is 0."
163,"
Hint: Please answer the question requiring an integer answer and provide the final value, e.g., 1, 2, 3, at the end.
Question: What number is shown?Please give a detailed analsis and reasoning for the following problem along with the answer.Reason and answer: The image shows a series of green squares, each with a different number. The numbers are 1, 2, 3, 4, 5, 6, 7, 8, 9, 10, 11, 12, 13, 14, 15, 16, 17, 18, 19, 20, 21, 22, 23, 24, 25, 26, 27, 28, 29, 30, 31, 32, 33, 34, 35, 36, 37, 38, 39, 40, 41, 42, 43, 44, 45, 46, 47, 48, 49, 50, 51, 52, 53, 54, 55, 56, 57, 58, 59, 60, 61, 62, 63, 64, 65, 66, 67, 68, 69, 70, 71, 72, 73, 74, 75, 76, 77, 78, 79, 80, 81, 82, 83, 84, 85, 86, 87, 88, 89, 90, 91, 92, 93, 94, 95, 96, 97, 98, 99, 100."
164,"
Hint: Please answer the question and provide the correct option letter, e.g., A, B, C, D, at the end.
Question: As shown in the figure, in ▱ABCD, CE ⊥ AB, point E is the foot of perpendicular, if ∠D = 55.0, then ∠BCE = ()
Choices:
(A) 55°
(B) 35°
(C) 25°
(D) 30°Please give a detailed analsis and reasoning for the following problem along with the answer.Reason and answer:

The given figure shows a right triangle with the angles labeled A, B, C, and D. The angle A is 55 degrees, and the angle BCE is perpendicular to AB. The point E is the foot of the perpendicular.

Since the angle A is 55 degrees, the angle B must be 180 - 55 = 125 degrees. The angle C is the complement of the angle B, so it is 125/2 = 62.5 degrees. The angle D is the complement of the angle A, so it is 55/2 = 27.5 degrees.

The angle BCE is perpendicular to AB, so it must be 90 degrees. However, this contradicts the fact that the angle B is only 125 degrees. Therefore, the answer must be (C) 25°."
165,"
Hint: Please answer the question requiring an integer answer and provide the final value, e.g., 1, 2, 3, at the end.
Question: Subtract all cyan rubber cylinders. Subtract all tiny shiny cubes. How many objects are left?Please give a detailed analsis and reasoning for the following problem along with the answer.Reason and answer: The image shows a collection of various objects, including rubber cylinders and cubes. The rubber cylinders are in different colors, and the cubes are also in different colors. The task is to subtract all the cyan rubber cylinders and the tiny shiny cubes. 

To solve this problem, we need to count the number of objects in the image and then subtract the number of objects that match the criteria. 

There are a total of 12 objects in the image. 

Out of these, 4 objects are the cyan rubber cylinders, and 2 objects are the tiny shiny cubes. 

So, there are 4 - 2 = 2 objects left after subtracting the cyan rubber cylinders and the tiny shiny cubes."
166,"
Hint: Please answer the question and provide the correct option letter, e.g., A, B, C, D, at the end.
Question: Which Shape is missing?
Choices:
(A) A
(B) B
(C) C
(D) D
(E) E
(F) FPlease give a detailed analsis and reasoning for the following problem along with the answer.Reason and answer: The question is asking which shape is missing from the four shapes shown. The shapes are A, B, C, and D. The answer is E, as the letter E is not present among the four shapes."
167,"
Hint: Please answer the question requiring an integer answer and provide the final value, e.g., 1, 2, 3, at the end.
Question: What is the biggest zero of this function?Please give a detailed analsis and reasoning for the following problem along with the answer.Reason and answer: The biggest zero of this function is at x=0. The function is a parabolic curve, and its minimum value is at the x-axis. The parabolic curve has a minimum value at x=0, and the value of the function at x=0 is the biggest zero."
168,"
Hint: Please answer the question and provide the correct option letter, e.g., A, B, C, D, at the end.
Question: Given that the Hue-Saturation subspace shown in Fig. Q2 is a perfect circle and that colors A, B and C can be represented as the 3 points shown in the subspace. Which color has the smallest saturation coefficient?
Choices:
(A) (c)
(B) (a)
(C) (e)
(D) (d)
(E) (b)Please give a detailed analsis and reasoning for the following problem along with the answer.Reason and answer:
The Hue-Saturation subspace shown in Fig. Q2 is a perfect circle, and the colors A, B, and C can be represented as the 3 points shown in the subspace. The saturation coefficient is the ratio of the maximum color value to the minimum color value. The smaller the saturation coefficient, the more desaturated the color is.

The color A has the smallest saturation coefficient, as it is the color with the lowest maximum color value. The color C has the highest saturation coefficient, as it is the color with the highest maximum color value.

Therefore, the answer is (A) (c)."
170,"
Hint: Please answer the question and provide the correct option letter, e.g., A, B, C, D, at the end.
Question: f(-1) is ____ f(0).
Choices:
(A) larger than
(B) equal to
(C) smaller thanPlease give a detailed analsis and reasoning for the following problem along with the answer.Reason and answer:

The equation is f(x) = x^2 - 2x + 1.

f(-1) is the value of the function at x = -1.

f(0) is the value of the function at x = 0.

f(0) is equal to 1, as the function evaluates to 1 when x is 0.

f(-1) is the value of the function at x = -1.

f(-1) is equal to -2, as the function evaluates to -2 when x is -1.

Therefore, the correct answer is (B) equal to."
171,"
Hint: Please answer the question requiring an integer answer and provide the final value, e.g., 1, 2, 3, at the end.
Question: How many cinnamon rolls are there?Please give a detailed analsis and reasoning for the following problem along with the answer.Reason and answer: There are 12 cinnamon rolls in the image. The image shows two plates, each containing 6 cinnamon rolls. The total number of cinnamon rolls is 12, as there are two plates, each containing 6 rolls."
176,"
Hint: Please answer the question and provide the correct option letter, e.g., A, B, C, D, at the end.
Question: Find $RS$ if $\triangle QRS$ is an equilateral triangle.
Choices:
(A) 0.5
(B) 1
(C) 1.5
(D) 2Please give a detailed analsis and reasoning for the following problem along with the answer.Reason and answer:

The given problem is to find the length of the side of an equilateral triangle. An equilateral triangle is a triangle where all three sides are equal in length. The problem states that the length of the side of the triangle is 6x - 1.

We can start by solving for x, the length of the side of the triangle. We can do this by dividing both sides of the equation by 6:

x = (6x - 1) / 6

Now, we can simplify the equation by combining like terms:

x = (6x - 6) / 6

x = (5x - 1) / 6

Now, we can solve for x by dividing both sides of the equation by 5:

x = (5x - 1) / 5

x = (4x - 1) / 5

Now, we can simplify the equation by combining like terms:

x = (4x - 4) / 5

x = (3x - 1) / 5

Now, we can solve for x by dividing both sides of the equation by 3:

x = (3x - 1) / 3

x = (2x - 1) / 3

Now, we can simplify the equation by combining like terms:

x = (2x - 2) / 3

x = (x - 2) / 3

Now, we can solve for x by dividing both sides of the equation by 2:

x = (x - 1) / 2

Now, we can simplify the equation by combining like terms:

x = (x - 1) / 2

Now, we can solve for x by dividing both sides of the equation by 2:

x = (x - 1) / 2

Now, we can simplify the equation by combining like terms:

x = (x - 1) / 2

Now, we can solve for x by dividing both sides of the equation by 2:

x = (x - 1) / 2

Now, we can simplify the equation by combining like terms"
180,"
Hint: Please answer the question requiring an integer answer and provide the final value, e.g., 1, 2, 3, at the end.
Question: Subtract all tiny brown cylinders. Subtract all tiny brown objects. How many objects are left?Please give a detailed analsis and reasoning for the following problem along with the answer.Reason and answer: The image shows a collection of various colored objects, including a gold cube, a blue cube, and a green ball. The gold cube is the largest of the objects, and it is surrounded by the other objects. The blue cube is located next to the gold cube, and the green ball is situated in the lower right corner of the image. The image does not provide any information about the size of the objects, but it is clear that the gold cube is the largest. To determine the number of objects left, we need to subtract the gold cube from the total number of objects. The gold cube is the largest, so it is the only one that is not surrounded by the other objects. Therefore, the number of objects left is 1, which is the gold cube."
181,"
Hint: Please answer the question and provide the correct option letter, e.g., A, B, C, D, at the end.
Question: Which option is correct?
Choices:
(A) A
(B) B
(C) CPlease give a detailed analsis and reasoning for the following problem along with the answer.Reason and answer:
The correct option is (B) B. The image shows a square with a star in the middle, and there are four other squares with stars in the middle. The star in the middle of the square is the correct option. The other squares are not the correct option. The answer is (B) B."
183,"
Hint: Please answer the question requiring an integer answer and provide the final value, e.g., 1, 2, 3, at the end.
Question: Subtract all brown cubes. Subtract all gray cylinders. How many objects are left?Please give a detailed analsis and reasoning for the following problem along with the answer.Reason and answer: The problem is to find the number of objects left after removing all the brown cubes and gray cylinders. The answer is 1, as there is only 1 object left, which is the pink ball. The reasoning is that the pink ball is the only object that remains after removing all the brown cubes and gray cylinders."
185,"
Hint: Please answer the question and provide the correct option letter, e.g., A, B, C, D, at the end.
Question: An image has the gray level PDF $p_r(r)$ shown in Fig. Q1a. One wants to do histogram specification SO that the processed image will have the specified $p_z(z)$ shown in Fig. Q1b. Can we use intensity mapping function $T: z=1-r$ to achieve the goal?
Choices:
(A) True
(B) FalsePlease give a detailed analsis and reasoning for the following problem along with the answer.Reason and answer:

The image in question is a gray level PDF $p\_r(r)$ shown in Fig. Q1a. One wants to do histogram specification so that the processed image will have the specified $p\_z(z)$ shown in Fig. Q1b. The image is a gray level PDF, which means it is a probability distribution of the gray levels. The histogram is a representation of the distribution of gray levels in the image. To achieve the goal, one can use the intensity mapping function $T: z=1-r$ to map the gray levels to the intensity values. The function maps the gray level $r$ to the intensity value $z$. The mapping function is defined as $T(r)=z=1-r$. The mapping function is a one-to-one correspondence between the gray levels and the intensity values. Therefore, the answer is (A) True."
186,"
Hint: Please answer the question and provide the correct option letter, e.g., A, B, C, D, at the end.
Question: As shown in the figure, CD is a plane mirror, the light is emitted from point A, reflected by point E on CD, and irradiated to point B. If the incident angle is α, AC ⊥ CD, BD ⊥ CD, the feet of perpendicular are C, D, and AC = 3.0, BD = 6.0, CD = 10.0, then the length of the line segment ED is ()
Choices:
(A) \frac{20}{3}
(B) \frac{10}{3}
(C) 7
(D) \frac{14}{3}Please give a detailed analsis and reasoning for the following problem along with the answer.Reason and answer:

The given problem is related to the reflection of light from a plane mirror. The light is emitted from point A, reflected by point E on CD, and irradiated to point B. The incident angle is α. The plane mirror is placed at an angle of 45 degrees with respect to the horizontal plane.

Let's first find the length of the line segment ED. The line segment ED is perpendicular to the mirror CD. The feet of the perpendicular are C, D, and AC = 3.0. The length of the line segment ED is given by the Pythagorean theorem:

ED² = CD² + BD² - 2 \* CD \* BD

Since the mirror is at an angle of 45 degrees, we can assume that the angle between the incident ray and the mirror is also 45 degrees. This means that the angle between the reflected ray and the mirror is 135 degrees.

Let's denote the length of the line segment BD by x. The length of the line segment AC is given as 3.0. We can use the Pythagorean theorem to find the length of the line segment BD:

BD² = AC² + CD² - 2 \* AC \* CD

Since the mirror is at an angle of 45 degrees, we can assume that the angle between the reflected ray and the mirror is also 45 degrees. This means that the angle between the incident ray and the mirror is 135 degrees.

Let's denote the length of the line segment CD by y. The length of the line segment AC is given as 3.0. We can use the Pythagorean theorem to find the length of the line segment CD:

CD² = AC² + BD² - 2 \* AC \* BD

Since the mirror is at an angle of 45 degrees, we can assume that the angle between the incident ray and the mirror is also 45 degrees. This means that the angle between the reflected ray and the mirror is 135 degrees.

Let's denote the length of the line segment BD by x. The length of the line segment AC is given as 3.0. We can use the Pythag"
187,"
Hint: Please answer the question requiring an integer answer and provide the final value, e.g., 1, 2, 3, at the end.
Question: What number is shown?Please give a detailed analsis and reasoning for the following problem along with the answer.Reason and answer: The image shows a green square with a number inside. The number is 1. The reasoning behind this is that the image is a representation of a square, and the number 1 is placed inside the square. The number 1 is the only number that can be placed inside a square, and it is the only number that can be represented in this manner."
188,"
Hint: Please answer the question requiring an integer answer and provide the final value, e.g., 1, 2, 3, at the end.
Question: How many methods in the table achieve an A-847 score higher than 20.0?Please give a detailed analsis and reasoning for the following problem along with the answer.Reason and answer: The table shows the performance of different methods. The methods are grouped by their performance, with the best performing methods at the top. The methods are also grouped by their performance in terms of the A-847 score. The A-847 score is a measure of the accuracy of the methods. The score ranges from 0 to 1. A score of 0 indicates that the method is completely inaccurate, while a score of 1 indicates that the method is completely accurate. The table shows that the best performing methods have an A-847 score higher than 20.0. This indicates that these methods are highly accurate and can be trusted for making accurate predictions."
190,"
Hint: Please answer the question requiring an integer answer and provide the final value, e.g., 1, 2, 3, at the end.
Question: Move the ruler to measure the length of the nail to the nearest inch. The nail is about (_) inches long.Please give a detailed analsis and reasoning for the following problem along with the answer.Reason and answer: The ruler is a measuring tool used to determine the length of an object. In this case, the object is a nail. The ruler is placed next to the nail, and the length of the nail is compared to the ruler's markings. The nail is approximately 3 inches long. The ruler is marked with 1, 2, and 3, and the nail falls between the 2 and 3 marks. Therefore, the nail is approximately 2.5 inches long."
192,"
Hint: Please answer the question and provide the correct option letter, e.g., A, B, C, D, at the end.
Question: As shown in the figure, the diameter CD of ⊙O crosses the midpoint G of chord EF, ∠DCF = 20.0, then ∠EOD is equal to ()
Choices:
(A) 10°
(B) 20°
(C) 40°
(D) 80°Please give a detailed analsis and reasoning for the following problem along with the answer.Reason and answer:

The figure shows a circle with a chord EF and a diameter CD. The midpoint G of the chord is crossed by the diameter CD. The angle ∠DCF is 20.0 degrees. The angle ∠EOD is equal to the angle ∠DCF.

Since the diameter CD crosses the midpoint G of the chord, the angle ∠DCF is the complement of the angle ∠EOD. The complement of 20.0 degrees is 40.0 degrees. Therefore, the answer is (C) 40°."
193,"
Hint: Please answer the question requiring an integer answer and provide the final value, e.g., 1, 2, 3, at the end.
Question: Subtract all red things. Subtract all cylinders. How many objects are left?Please give a detailed analsis and reasoning for the following problem along with the answer.Reason and answer: The problem is to find the number of objects left after subtracting all red things and cylinders. The red things are the three red balls, and the cylinders are the three cylinders. To solve this problem, we need to count the number of red balls and cylinders separately and then subtract them from the total number of objects.

The red balls are the three balls on the left side of the image, and the cylinders are the three cylinders on the right side of the image.

The number of red balls is 3, and the number of cylinders is 3.

Therefore, the total number of objects is 3 + 3 = 6.

So, after subtracting all red things and cylinders, there are 6 objects left."
197,"
Hint: Please answer the question requiring an integer answer and provide the final value, e.g., 1, 2, 3, at the end.
Question: How many sequences have negative Influence Scores?Please give a detailed analsis and reasoning for the following problem along with the answer.Reason and answer: The problem is to find the number of sequences with negative Influence Scores. The answer is 1. The reasoning is that there is only one sequence with a negative Influence Score, and it is the sequence with the orange line. The other sequences have positive Influence Scores, and the orange line is the only one that deviates from the pattern."
198,"
Hint: Please answer the question and provide the correct option letter, e.g., A, B, C, D, at the end.
Question: Calculate the missing value.
Choices:
(A) 1
(B) 2
(C) 3
(D) 4Please give a detailed analsis and reasoning for the following problem along with the answer.Reason and answer: The missing value is 4. The triangles are numbered 1, 2, 3, and 4. The number 4 is missing, so the correct answer is (D) 4."
199,"
Hint: Please answer the question requiring a floating-point number with two decimal places and provide the final value, e.g., 1.23, 1.34, 1.45, at the end.
Question: Figure 23-42 is a section of a conducting rod of radius $R_1=1.30 \mathrm{~mm}$ and length $L=$ $11.00 \mathrm{~m}$ inside a thin-walled coaxial conducting cylindrical shell of radius $R_2=10.0 R_1$ and the (same) length $L$. The net charge on the rod is $Q_1=+3.40 \times 10^{-12} \mathrm{C}$; that on the shell is $Q_2=-2.00 Q_1$. What is the magnitude $E$ of the electric field at radial distance $r=2.00 R_2$?Please give a detailed analsis and reasoning for the following problem along with the answer.Reason and answer:

The net charge on the rod is $Q\_1=+3.40 \times 10^{-12} \mathrm{C}$; that on the shell is $Q\_2=-2.00 Q\_1$. The electric field at radial distance $r=2.00 R\_2$ is given by the equation $E=Q/4\pi R\_2^2$.

We can start by solving for $Q\_2$ in terms of $Q\_1$. Since the net charge on the shell is $Q\_2=-2.00 Q\_1$, we can write $Q\_2=2.00 Q\_1-Q\_1$.

Next, we can solve for $Q\_1$ in terms of $Q\_2$. Since the net charge on the rod is $Q\_1=+3.40 \times 10^{-12} \mathrm{C}$ and the net charge on the shell is $Q\_2=-2.00 Q\_1$, we can write $Q\_1=3.40 \times 10^{-12} \mathrm{C}-2.00 Q\_1$.

Finally, we can solve for $E$ in terms of $Q\_1$ and $R\_2$. We can use the equation $E=Q/4\pi R\_2^2$ to find $E$.

Plugging in the values we have, $E=Q/4\pi R\_2^2$.

$Q\_1=3.40 \times 10^{-12} \mathrm{C}-2.00 Q\_1$

$Q\_1=1.40 \times 10^{-12} \mathrm{C}$

$E=1.40 \times 10^{-12} \mathrm{C}/4\pi (2.00 R\_2)^2$

$E=1.40 \times 10^{-12} \mathrm{C}/4\pi (10.0 R\_2)^2$

$E=1.40 \times 10^{-12} \mathrm{C}/4\pi (10.0 R\_2)^"
205,"
Hint: Please answer the question requiring an integer answer and provide the final value, e.g., 1, 2, 3, at the end.
Question: A statistician analyzed the number of runs scored by players last season. How many players scored more than 2 runs last season?'Please give a detailed analsis and reasoning for the following problem along with the answer.Reason and answer: The statistician analyzed the number of runs scored by players last season. The table shows the number of runs scored by each player. The statistician is looking for the number of players who scored more than 2 runs last season. The table shows that there are 10 players in the table. The statistician can look at the number of runs scored by each player. The table shows that the player with the most runs scored is at 10. The statistician can look at the number of runs scored by each player. The table shows that the player with the most runs scored is at 10. The statistician can look at the number of runs scored by each player. The table shows that the player with the most runs scored is at 10. The statistician can look at the number of runs scored by each player. The table shows that the player with the most runs scored is at 10. The statistician can look at the number of runs scored by each player. The table shows that the player with the most runs scored is at 10. The statistician can look at the number of runs scored by each player. The table shows that the player with the most runs scored is at 10. The statistician can look at the number of runs scored by each player. The table shows that the player with the most runs scored is at 10. The statistician can look at the number of runs scored by each player. The table shows that the player with the most runs scored is at 10. The statistician can look at the number of runs scored by each player. The table shows that the player with the most runs scored is at 10. The statistician can look at the number of runs scored by each player. The table shows that the player with the most runs scored is at 10. The statistician can look at the number of runs scored by each player. The table shows that the player with the most runs scored is at 10. The statistician can look at the number of runs scored by each player. The table shows that the player with the most runs scored is at 10. The statistician can look at the number of runs scored by each player. The table shows that the player with the most runs scored is at 10. The statistician can look at the"
206,"
Hint: Please answer the question and provide the correct option letter, e.g., A, B, C, D, at the end.
Question: Find the scale factor from $Q$ to $Q'$.
Choices:
(A) 2
(B) 3
(C) 4
(D) 5Please give a detailed analsis and reasoning for the following problem along with the answer.Reason and answer:

The given problem is to find the scale factor from $Q$ to $Q'$. The given options are $2, 3, 4, 5$. The correct answer is $5$.

The reasoning behind this is that the given problem is a geometric problem, and the answer is the ratio of the two corresponding sides. In this case, the two sides are $Q$ and $Q'$. The answer is $5$ because the ratio of $Q$ to $Q'$, which is $5$ to $15$, is $5:15$.

Therefore, the correct answer is $5$."
215,"
Hint: Please answer the question requiring an integer answer and provide the final value, e.g., 1, 2, 3, at the end.
Question: Layla went on a camping trip and logged the number of miles she hiked each day. What is the range of the numbers?'Please give a detailed analsis and reasoning for the following problem along with the answer.Reason and answer:

Layla went on a camping trip and logged the number of miles she hiked each day. The table below shows the number of miles she hiked each day.












































































































































































































































































































































































































































































"
217,"
Hint: Please answer the question requiring an integer answer and provide the final value, e.g., 1, 2, 3, at the end.
Question: What is the degree of this function?Please give a detailed analsis and reasoning for the following problem along with the answer.Reason and answer: The degree of a function is the number of times the variable is raised to the power of 1. In this case, the variable is raised to the power of 1, so the degree of the function is 1."
218,"
Hint: Please answer the question requiring an integer answer and provide the final value, e.g., 1, 2, 3, at the end.
Question: Subtract all large red rubber blocks. Subtract all tiny red matte objects. How many objects are left?Please give a detailed analsis and reasoning for the following problem along with the answer.Reason and answer: The problem is to determine the number of objects left after subtracting all large red rubber blocks and all tiny red matte objects. The answer is 2, as there are two small red objects left on the table. The reasoning is that the large red rubber blocks are removed, leaving only the tiny red matte objects. The number of objects is then reduced by half, resulting in the final value of 2."
220,"
Hint: Please answer the question and provide the correct option letter, e.g., A, B, C, D, at the end.
Question: As shown in the figure, ⊙O is the circumscribed circle of the quadrilateral ABCD, if ∠O = 110.0, then the degree of ∠C is ()
Choices:
(A) 125°
(B) 120°
(C) 105°
(D) 90°Please give a detailed analsis and reasoning for the following problem along with the answer.Reason and answer:

The given figure shows a quadrilateral ABCD, where ∠O is 110.0 degrees. The circumscribed circle of the quadrilateral is ⊙O. The degree of ∠C is to be determined.

To find the degree of ∠C, we need to find the measure of the angle between the line connecting the centers of the two triangles (ABCD) and the line connecting the centers of the two triangles (ABCD) and the line connecting the centers of the two triangles (ABCD) and the line connecting the centers of the two triangles (ABCD).

The line connecting the centers of the two triangles (ABCD) is the diameter of the circle ⊙O. The line connecting the centers of the two triangles (ABCD) and the line connecting the centers of the two triangles (ABCD) is the circumference of the circle ⊙O.

The circumference of the circle ⊙O is 2πr, where r is the radius of the circle. The radius of the circle ⊙O is half the length of the side of the quadrilateral ABCD.

The length of the side of the quadrilateral ABCD is 2AB + 2AC + 2AD, where A, B, C, and D are the sides of the quadrilateral.

Since ∠O = 110.0 degrees, we can use the tangent function to find the measure of the angle between the line connecting the centers of the two triangles (ABCD) and the line connecting the centers of the two triangles (ABCD).

tan(∠C) = (AB + AC + AD) / 2AB

tan(∠C) = (AB + AC + AD) / 2AB

tan(∠C) = (AB + AC + AD) / 2AB

tan(∠C) = (AB + AC + AD) / 2AB

tan(∠C) = (AB + AC + AD) / 2AB

tan(∠C) = (AB + AC + AD) / 2AB
"
